gene	Sample_ID	SNV	CNV	METH
5S_rRNA	TCGA-BC-A10S-01	No_SNV	No_CNV	No_METH
5_8S_rRNA	TCGA-BC-A10S-01	No_SNV	No_CNV	No_METH
7SK	TCGA-BC-A10S-01	No_SNV	No_CNV	Hypomethylation
A1BG	TCGA-BC-A10S-01	No_SNV	No_CNV	No_METH
A1BG-AS1	TCGA-BC-A10S-01	No_SNV	No_CNV	No_METH
A1CF	TCGA-BC-A10S-01	No_SNV	No_CNV	No_METH
A2M	TCGA-BC-A10S-01	No_SNV	No_CNV	Hypermethylation
A2M-AS1	TCGA-BC-A10S-01	No_SNV	No_CNV	No_METH
A2ML1	TCGA-BC-A10S-01	No_SNV	No_CNV	No_METH
A2ML1-AS1	TCGA-BC-A10S-01	No_SNV	No_CNV	No_METH
A2ML1-AS2	TCGA-BC-A10S-01	No_SNV	No_CNV	No_METH
A2MP1	TCGA-BC-A10S-01	No_SNV	No_CNV	Hypermethylation
A3GALT2	TCGA-BC-A10S-01	No_SNV	No_CNV	Hypermethylation
A4GALT	TCGA-BC-A10S-01	No_SNV	No_CNV	No_METH
A4GNT	TCGA-BC-A10S-01	No_SNV	No_CNV	No_METH
AA06	TCGA-BC-A10S-01	No_SNV	No_CNV	No_METH
AAAS	TCGA-BC-A10S-01	No_SNV	No_CNV	Hypomethylation
AACS	TCGA-BC-A10S-01	No_SNV	No_CNV	Hypermethylation
AACSP1	TCGA-BC-A10S-01	No_SNV	No_CNV	Hypermethylation
AADAC	TCGA-BC-A10S-01	No_SNV	No_CNV	Hypermethylation
AADACL2	TCGA-BC-A10S-01	No_SNV	No_CNV	Hypermethylation
AADACL2-AS1	TCGA-BC-A10S-01	No_SNV	No_CNV	Hypermethylation
AADACL3	TCGA-BC-A10S-01	No_SNV	No_CNV	No_METH
AADACL4	TCGA-BC-A10S-01	No_SNV	No_CNV	Hypermethylation
AADACP1	TCGA-BC-A10S-01	No_SNV	No_CNV	No_METH
AADAT	TCGA-BC-A10S-01	No_SNV	No_CNV	Hypomethylation
AAED1	TCGA-BC-A10S-01	No_SNV	No_CNV	No_METH
AAGAB	TCGA-BC-A10S-01	No_SNV	No_CNV	No_METH
AAK1	TCGA-BC-A10S-01	No_SNV	No_CNV	No_METH
AAMDC	TCGA-BC-A10S-01	No_SNV	No_CNV	No_METH
AAMP	TCGA-BC-A10S-01	No_SNV	No_CNV	Hypomethylation
AANAT	TCGA-BC-A10S-01	No_SNV	No_CNV	No_METH
AAR2	TCGA-BC-A10S-01	No_SNV	No_CNV	No_METH
AARD	TCGA-BC-A10S-01	No_SNV	No_CNV	No_METH
AARS	TCGA-BC-A10S-01	No_SNV	No_CNV	No_METH
AARS2	TCGA-BC-A10S-01	No_SNV	No_CNV	No_METH
AARSD1	TCGA-BC-A10S-01	No_SNV	No_CNV	Hypomethylation
AARSP1	TCGA-BC-A10S-01	No_SNV	No_CNV	No_METH
AASDH	TCGA-BC-A10S-01	No_SNV	No_CNV	Hypomethylation
AASDHPPT	TCGA-BC-A10S-01	No_SNV	No_CNV	Hypomethylation
AASS	TCGA-BC-A10S-01	No_SNV	No_CNV	No_METH
AATBC	TCGA-BC-A10S-01	No_SNV	No_CNV	No_METH
AATF	TCGA-BC-A10S-01	No_SNV	No_CNV	No_METH
AATK	TCGA-BC-A10S-01	No_SNV	No_CNV	Hypermethylation
AATK-AS1	TCGA-BC-A10S-01	No_SNV	No_CNV	Hypermethylation
AB015752.3	TCGA-BC-A10S-01	No_SNV	No_CNV	Hypermethylation
AB019438.66	TCGA-BC-A10S-01	No_SNV	No_CNV	No_METH
AB019440.50	TCGA-BC-A10S-01	No_SNV	No_CNV	No_METH
AB019441.29	TCGA-BC-A10S-01	No_SNV	No_CNV	No_METH
ABALON	TCGA-BC-A10S-01	No_SNV	No_CNV	Hypomethylation
ABAT	TCGA-BC-A10S-01	No_SNV	No_CNV	Hypermethylation
ABBA01017803.1	TCGA-BC-A10S-01	No_SNV	No_CNV	No_METH
ABC12-47043100G14.2	TCGA-BC-A10S-01	No_SNV	No_CNV	No_METH
ABC12-47964100C23.1	TCGA-BC-A10S-01	No_SNV	No_CNV	No_METH
ABC12-49244600F4.4	TCGA-BC-A10S-01	No_SNV	No_CNV	No_METH
ABC14-1080714F14.1	TCGA-BC-A10S-01	No_SNV	No_CNV	No_METH
ABC7-42391500H16.3	TCGA-BC-A10S-01	No_SNV	No_CNV	No_METH
ABC7-42404400C24.1	TCGA-BC-A10S-01	No_SNV	No_CNV	No_METH
ABC7-42418200C9.1	TCGA-BC-A10S-01	No_SNV	No_CNV	No_METH
ABC7-481722F1.1	TCGA-BC-A10S-01	No_SNV	No_CNV	No_METH
ABCA1	TCGA-BC-A10S-01	No_SNV	No_CNV	No_METH
ABCA10	TCGA-BC-A10S-01	No_SNV	No_CNV	Hypermethylation
ABCA11P	TCGA-BC-A10S-01	No_SNV	No_CNV	Hypomethylation
ABCA12	TCGA-BC-A10S-01	No_SNV	No_CNV	No_METH
ABCA13	TCGA-BC-A10S-01	No_SNV	No_CNV	No_METH
ABCA17P	TCGA-BC-A10S-01	No_SNV	No_CNV	No_METH
ABCA2	TCGA-BC-A10S-01	No_SNV	No_CNV	Hypermethylation
ABCA3	TCGA-BC-A10S-01	No_SNV	No_CNV	No_METH
ABCA4	TCGA-BC-A10S-01	No_SNV	No_CNV	Hypermethylation
ABCA5	TCGA-BC-A10S-01	No_SNV	No_CNV	Hypomethylation
ABCA6	TCGA-BC-A10S-01	No_SNV	No_CNV	No_METH
ABCA7	TCGA-BC-A10S-01	No_SNV	No_CNV	No_METH
ABCA8	TCGA-BC-A10S-01	No_SNV	No_CNV	Hypermethylation
ABCA9	TCGA-BC-A10S-01	No_SNV	No_CNV	Hypermethylation
ABCA9-AS1	TCGA-BC-A10S-01	No_SNV	No_CNV	No_METH
ABCB1	TCGA-BC-A10S-01	No_SNV	No_CNV	No_METH
ABCB10	TCGA-BC-A10S-01	No_SNV	No_CNV	No_METH
ABCB10P1	TCGA-BC-A10S-01	No_SNV	No_CNV	No_METH
ABCB10P3	TCGA-BC-A10S-01	No_SNV	No_CNV	No_METH
ABCB10P4	TCGA-BC-A10S-01	No_SNV	No_CNV	No_METH
ABCB11	TCGA-BC-A10S-01	No_SNV	No_CNV	No_METH
ABCB4	TCGA-BC-A10S-01	No_SNV	No_CNV	No_METH
ABCB5	TCGA-BC-A10S-01	No_SNV	No_CNV	No_METH
ABCB6	TCGA-BC-A10S-01	No_SNV	No_CNV	No_METH
ABCB7	TCGA-BC-A10S-01	No_SNV	No_CNV	No_METH
ABCB8	TCGA-BC-A10S-01	No_SNV	No_CNV	No_METH
ABCB9	TCGA-BC-A10S-01	No_SNV	No_CNV	No_METH
ABCC1	TCGA-BC-A10S-01	No_SNV	No_CNV	No_METH
ABCC10	TCGA-BC-A10S-01	No_SNV	No_CNV	No_METH
ABCC11	TCGA-BC-A10S-01	No_SNV	No_CNV	No_METH
ABCC12	TCGA-BC-A10S-01	No_SNV	No_CNV	No_METH
ABCC13	TCGA-BC-A10S-01	No_SNV	No_CNV	Hypermethylation
ABCC2	TCGA-BC-A10S-01	No_SNV	No_CNV	No_METH
ABCC3	TCGA-BC-A10S-01	No_SNV	No_CNV	No_METH
ABCC4	TCGA-BC-A10S-01	No_SNV	No_CNV	No_METH
ABCC5	TCGA-BC-A10S-01	No_SNV	No_CNV	No_METH
ABCC5-AS1	TCGA-BC-A10S-01	No_SNV	No_CNV	No_METH
ABCC6	TCGA-BC-A10S-01	No_SNV	No_CNV	No_METH
ABCC6P1	TCGA-BC-A10S-01	No_SNV	No_CNV	Hypermethylation
ABCC6P2	TCGA-BC-A10S-01	No_SNV	No_CNV	No_METH
ABCC8	TCGA-BC-A10S-01	No_SNV	No_CNV	No_METH
ABCC9	TCGA-BC-A10S-01	No_SNV	No_CNV	No_METH
ABCD1	TCGA-BC-A10S-01	No_SNV	No_CNV	No_METH
ABCD1P2	TCGA-BC-A10S-01	No_SNV	No_CNV	No_METH
ABCD1P3	TCGA-BC-A10S-01	No_SNV	No_CNV	No_METH
ABCD1P4	TCGA-BC-A10S-01	No_SNV	No_CNV	No_METH
ABCD1P5	TCGA-BC-A10S-01	No_SNV	No_CNV	No_METH
ABCD2	TCGA-BC-A10S-01	No_SNV	No_CNV	Hypomethylation
ABCD3	TCGA-BC-A10S-01	No_SNV	No_CNV	Hypomethylation
ABCD4	TCGA-BC-A10S-01	No_SNV	No_CNV	No_METH
ABCE1	TCGA-BC-A10S-01	No_SNV	No_CNV	Hypomethylation
ABCF1	TCGA-BC-A10S-01	No_SNV	No_CNV	No_METH
ABCF2	TCGA-BC-A10S-01	No_SNV	No_CNV	No_METH
ABCF2P1	TCGA-BC-A10S-01	No_SNV	No_CNV	No_METH
ABCF2P2	TCGA-BC-A10S-01	No_SNV	No_CNV	No_METH
ABCF3	TCGA-BC-A10S-01	No_SNV	No_CNV	No_METH
ABCG1	TCGA-BC-A10S-01	No_SNV	No_CNV	No_METH
ABCG2	TCGA-BC-A10S-01	No_SNV	No_CNV	No_METH
ABCG4	TCGA-BC-A10S-01	No_SNV	No_CNV	No_METH
ABCG5	TCGA-BC-A10S-01	No_SNV	No_CNV	No_METH
ABCG8	TCGA-BC-A10S-01	No_SNV	No_CNV	No_METH
ABHD1	TCGA-BC-A10S-01	No_SNV	No_CNV	No_METH
ABHD10	TCGA-BC-A10S-01	No_SNV	No_CNV	Hypomethylation
ABHD11	TCGA-BC-A10S-01	No_SNV	No_CNV	No_METH
ABHD11-AS1	TCGA-BC-A10S-01	No_SNV	No_CNV	Hypermethylation
ABHD12	TCGA-BC-A10S-01	No_SNV	No_CNV	No_METH
ABHD12B	TCGA-BC-A10S-01	No_SNV	No_CNV	No_METH
ABHD13	TCGA-BC-A10S-01	No_SNV	No_CNV	Hypomethylation
ABHD14A	TCGA-BC-A10S-01	No_SNV	No_CNV	No_METH
ABHD14A-ACY1	TCGA-BC-A10S-01	No_SNV	No_CNV	No_METH
ABHD14B	TCGA-BC-A10S-01	No_SNV	No_CNV	No_METH
ABHD15	TCGA-BC-A10S-01	No_SNV	No_CNV	No_METH
ABHD15-AS1	TCGA-BC-A10S-01	No_SNV	No_CNV	No_METH
ABHD16A	TCGA-BC-A10S-01	No_SNV	No_CNV	No_METH
ABHD16B	TCGA-BC-A10S-01	No_SNV	No_CNV	Hypermethylation
ABHD17A	TCGA-BC-A10S-01	No_SNV	No_CNV	No_METH
ABHD17AP1	TCGA-BC-A10S-01	No_SNV	No_CNV	No_METH
ABHD17AP3	TCGA-BC-A10S-01	No_SNV	No_CNV	Hypermethylation
ABHD17AP4	TCGA-BC-A10S-01	No_SNV	No_CNV	Hypermethylation
ABHD17AP5	TCGA-BC-A10S-01	No_SNV	No_CNV	No_METH
ABHD17AP6	TCGA-BC-A10S-01	No_SNV	No_CNV	No_METH
ABHD17AP9	TCGA-BC-A10S-01	No_SNV	No_CNV	No_METH
ABHD17B	TCGA-BC-A10S-01	No_SNV	No_CNV	Hypomethylation
ABHD17C	TCGA-BC-A10S-01	No_SNV	No_CNV	Hypermethylation
ABHD2	TCGA-BC-A10S-01	No_SNV	No_CNV	No_METH
ABHD3	TCGA-BC-A10S-01	No_SNV	No_CNV	Hypomethylation
ABHD4	TCGA-BC-A10S-01	No_SNV	No_CNV	No_METH
ABHD5	TCGA-BC-A10S-01	No_SNV	No_CNV	Hypomethylation
ABHD6	TCGA-BC-A10S-01	No_SNV	No_CNV	No_METH
ABHD8	TCGA-BC-A10S-01	No_SNV	No_CNV	No_METH
ABI1	TCGA-BC-A10S-01	No_SNV	No_CNV	No_METH
ABI2	TCGA-BC-A10S-01	No_SNV	No_CNV	No_METH
ABI3	TCGA-BC-A10S-01	No_SNV	No_CNV	No_METH
ABI3BP	TCGA-BC-A10S-01	No_SNV	No_CNV	No_METH
ABL1	TCGA-BC-A10S-01	No_SNV	No_CNV	No_METH
ABL2	TCGA-BC-A10S-01	No_SNV	No_CNV	No_METH
ABLIM1	TCGA-BC-A10S-01	No_SNV	No_CNV	No_METH
ABLIM2	TCGA-BC-A10S-01	No_SNV	No_CNV	Hypermethylation
ABLIM3	TCGA-BC-A10S-01	No_SNV	No_CNV	No_METH
ABO	TCGA-BC-A10S-01	No_SNV	No_CNV	No_METH
ABR	TCGA-BC-A10S-01	No_SNV	No_CNV	No_METH
ABRA	TCGA-BC-A10S-01	No_SNV	No_CNV	No_METH
ABRACL	TCGA-BC-A10S-01	No_SNV	No_CNV	Hypomethylation
ABT1	TCGA-BC-A10S-01	No_SNV	No_CNV	No_METH
ABT1P1	TCGA-BC-A10S-01	No_SNV	No_CNV	No_METH
ABTB1	TCGA-BC-A10S-01	No_SNV	No_CNV	Hypermethylation
ABTB2	TCGA-BC-A10S-01	No_SNV	No_CNV	No_METH
AC000003.1	TCGA-BC-A10S-01	No_SNV	No_CNV	No_METH
AC000029.1	TCGA-BC-A10S-01	No_SNV	No_CNV	No_METH
AC000032.2	TCGA-BC-A10S-01	No_SNV	No_CNV	No_METH
AC000035.3	TCGA-BC-A10S-01	No_SNV	No_CNV	No_METH
AC000036.4	TCGA-BC-A10S-01	No_SNV	No_CNV	Hypermethylation
AC000041.10	TCGA-BC-A10S-01	No_SNV	No_CNV	Hypermethylation
AC000041.8	TCGA-BC-A10S-01	No_SNV	No_CNV	No_METH
AC000067.1	TCGA-BC-A10S-01	No_SNV	No_CNV	No_METH
AC000068.10	TCGA-BC-A10S-01	No_SNV	No_CNV	No_METH
AC000068.5	TCGA-BC-A10S-01	No_SNV	No_CNV	Hypomethylation
AC000068.9	TCGA-BC-A10S-01	No_SNV	No_CNV	No_METH
AC000077.2	TCGA-BC-A10S-01	No_SNV	No_CNV	No_METH
AC000078.5	TCGA-BC-A10S-01	No_SNV	No_CNV	No_METH
AC000081.2	TCGA-BC-A10S-01	No_SNV	No_CNV	No_METH
AC000089.3	TCGA-BC-A10S-01	No_SNV	No_CNV	Hypermethylation
AC000095.11	TCGA-BC-A10S-01	No_SNV	No_CNV	Hypermethylation
AC000095.9	TCGA-BC-A10S-01	No_SNV	No_CNV	Hypermethylation
AC000099.1	TCGA-BC-A10S-01	No_SNV	No_CNV	No_METH
AC000110.1	TCGA-BC-A10S-01	No_SNV	No_CNV	No_METH
AC000111.3	TCGA-BC-A10S-01	No_SNV	No_CNV	No_METH
AC000111.4	TCGA-BC-A10S-01	No_SNV	No_CNV	No_METH
AC000111.5	TCGA-BC-A10S-01	No_SNV	No_CNV	No_METH
AC000111.6	TCGA-BC-A10S-01	No_SNV	No_CNV	Hypermethylation
AC000120.7	TCGA-BC-A10S-01	No_SNV	No_CNV	No_METH
AC000123.2	TCGA-BC-A10S-01	No_SNV	No_CNV	No_METH
AC000123.3	TCGA-BC-A10S-01	No_SNV	No_CNV	No_METH
AC000123.4	TCGA-BC-A10S-01	No_SNV	No_CNV	No_METH
AC000124.1	TCGA-BC-A10S-01	No_SNV	No_CNV	Hypermethylation
AC000354.1	TCGA-BC-A10S-01	No_SNV	No_CNV	No_METH
AC000362.1	TCGA-BC-A10S-01	No_SNV	No_CNV	No_METH
AC000367.1	TCGA-BC-A10S-01	No_SNV	No_CNV	No_METH
AC000370.2	TCGA-BC-A10S-01	No_SNV	No_CNV	No_METH
AC000374.1	TCGA-BC-A10S-01	No_SNV	No_CNV	No_METH
AC000403.1	TCGA-BC-A10S-01	No_SNV	No_CNV	No_METH
AC000403.4	TCGA-BC-A10S-01	No_SNV	No_CNV	No_METH
AC001226.7	TCGA-BC-A10S-01	No_SNV	No_CNV	Hypomethylation
AC002044.1	TCGA-BC-A10S-01	No_SNV	No_CNV	No_METH
AC002044.3	TCGA-BC-A10S-01	No_SNV	No_CNV	No_METH
AC002044.4	TCGA-BC-A10S-01	No_SNV	No_CNV	No_METH
AC002056.3	TCGA-BC-A10S-01	No_SNV	No_CNV	No_METH
AC002056.5	TCGA-BC-A10S-01	No_SNV	No_CNV	No_METH
AC002059.10	TCGA-BC-A10S-01	No_SNV	No_CNV	No_METH
AC002064.4	TCGA-BC-A10S-01	No_SNV	No_CNV	No_METH
AC002064.5	TCGA-BC-A10S-01	No_SNV	No_CNV	No_METH
AC002064.7	TCGA-BC-A10S-01	No_SNV	No_CNV	Hypomethylation
AC002066.1	TCGA-BC-A10S-01	No_SNV	No_CNV	Hypermethylation
AC002069.5	TCGA-BC-A10S-01	No_SNV	No_CNV	No_METH
AC002069.6	TCGA-BC-A10S-01	No_SNV	No_CNV	No_METH
AC002070.1	TCGA-BC-A10S-01	No_SNV	No_CNV	No_METH
AC002072.1	TCGA-BC-A10S-01	No_SNV	No_CNV	No_METH
AC002075.3	TCGA-BC-A10S-01	No_SNV	No_CNV	No_METH
AC002075.4	TCGA-BC-A10S-01	No_SNV	No_CNV	No_METH
AC002076.10	TCGA-BC-A10S-01	No_SNV	No_CNV	No_METH
AC002115.5	TCGA-BC-A10S-01	No_SNV	No_CNV	No_METH
AC002115.9	TCGA-BC-A10S-01	No_SNV	No_CNV	Hypomethylation
AC002116.7	TCGA-BC-A10S-01	No_SNV	No_CNV	No_METH
AC002116.8	TCGA-BC-A10S-01	No_SNV	No_CNV	No_METH
AC002117.1	TCGA-BC-A10S-01	No_SNV	No_CNV	Hypomethylation
AC002127.2	TCGA-BC-A10S-01	No_SNV	No_CNV	No_METH
AC002127.4	TCGA-BC-A10S-01	No_SNV	No_CNV	No_METH
AC002128.5	TCGA-BC-A10S-01	No_SNV	No_CNV	No_METH
AC002306.1	TCGA-BC-A10S-01	No_SNV	No_CNV	No_METH
AC002310.10	TCGA-BC-A10S-01	No_SNV	No_CNV	No_METH
AC002310.11	TCGA-BC-A10S-01	No_SNV	No_CNV	No_METH
AC002310.12	TCGA-BC-A10S-01	No_SNV	No_CNV	Hypomethylation
AC002310.13	TCGA-BC-A10S-01	No_SNV	No_CNV	No_METH
AC002310.14	TCGA-BC-A10S-01	No_SNV	No_CNV	Hypomethylation
AC002310.17	TCGA-BC-A10S-01	No_SNV	No_CNV	No_METH
AC002310.7	TCGA-BC-A10S-01	No_SNV	No_CNV	No_METH
AC002314.4	TCGA-BC-A10S-01	No_SNV	No_CNV	No_METH
AC002331.1	TCGA-BC-A10S-01	No_SNV	No_CNV	No_METH
AC002366.1	TCGA-BC-A10S-01	No_SNV	No_CNV	No_METH
AC002366.3	TCGA-BC-A10S-01	No_SNV	No_CNV	No_METH
AC002368.4	TCGA-BC-A10S-01	No_SNV	No_CNV	No_METH
AC002383.2	TCGA-BC-A10S-01	No_SNV	No_CNV	No_METH
AC002386.1	TCGA-BC-A10S-01	No_SNV	No_CNV	No_METH
AC002389.1	TCGA-BC-A10S-01	No_SNV	No_CNV	No_METH
AC002395.1	TCGA-BC-A10S-01	No_SNV	No_CNV	Hypermethylation
AC002398.11	TCGA-BC-A10S-01	No_SNV	No_CNV	Hypomethylation
AC002398.12	TCGA-BC-A10S-01	No_SNV	No_CNV	Hypermethylation
AC002398.13	TCGA-BC-A10S-01	No_SNV	No_CNV	No_METH
AC002398.9	TCGA-BC-A10S-01	No_SNV	No_CNV	Hypomethylation
AC002400.1	TCGA-BC-A10S-01	No_SNV	No_CNV	Hypermethylation
AC002401.1	TCGA-BC-A10S-01	No_SNV	No_CNV	No_METH
AC002429.1	TCGA-BC-A10S-01	No_SNV	No_CNV	No_METH
AC002429.4	TCGA-BC-A10S-01	No_SNV	No_CNV	No_METH
AC002429.5	TCGA-BC-A10S-01	No_SNV	No_CNV	No_METH
AC002451.3	TCGA-BC-A10S-01	No_SNV	No_CNV	Hypomethylation
AC002454.1	TCGA-BC-A10S-01	No_SNV	No_CNV	Hypomethylation
AC002456.2	TCGA-BC-A10S-01	No_SNV	No_CNV	Hypomethylation
AC002463.3	TCGA-BC-A10S-01	No_SNV	No_CNV	Hypermethylation
AC002464.1	TCGA-BC-A10S-01	No_SNV	No_CNV	No_METH
AC002465.2	TCGA-BC-A10S-01	No_SNV	No_CNV	No_METH
AC002467.7	TCGA-BC-A10S-01	No_SNV	No_CNV	Hypomethylation
AC002472.11	TCGA-BC-A10S-01	No_SNV	No_CNV	No_METH
AC002480.2	TCGA-BC-A10S-01	No_SNV	No_CNV	No_METH
AC002480.3	TCGA-BC-A10S-01	No_SNV	No_CNV	Hypomethylation
AC002480.4	TCGA-BC-A10S-01	No_SNV	No_CNV	No_METH
AC002480.5	TCGA-BC-A10S-01	No_SNV	No_CNV	No_METH
AC002486.2	TCGA-BC-A10S-01	No_SNV	No_CNV	No_METH
AC002486.3	TCGA-BC-A10S-01	No_SNV	No_CNV	No_METH
AC002511.2	TCGA-BC-A10S-01	No_SNV	No_CNV	No_METH
AC002511.3	TCGA-BC-A10S-01	No_SNV	No_CNV	No_METH
AC002519.6	TCGA-BC-A10S-01	No_SNV	No_CNV	No_METH
AC002519.8	TCGA-BC-A10S-01	No_SNV	No_CNV	No_METH
AC002523.1	TCGA-BC-A10S-01	No_SNV	No_CNV	No_METH
AC002530.1	TCGA-BC-A10S-01	No_SNV	No_CNV	No_METH
AC002539.1	TCGA-BC-A10S-01	No_SNV	No_CNV	No_METH
AC002539.2	TCGA-BC-A10S-01	No_SNV	No_CNV	No_METH
AC002542.2	TCGA-BC-A10S-01	No_SNV	No_CNV	No_METH
AC002543.2	TCGA-BC-A10S-01	No_SNV	No_CNV	Hypermethylation
AC002550.5	TCGA-BC-A10S-01	No_SNV	No_CNV	Hypermethylation
AC002550.6	TCGA-BC-A10S-01	No_SNV	No_CNV	No_METH
AC002551.1	TCGA-BC-A10S-01	No_SNV	No_CNV	No_METH
AC002553.4	TCGA-BC-A10S-01	No_SNV	No_CNV	No_METH
AC002558.1	TCGA-BC-A10S-01	No_SNV	No_CNV	No_METH
AC002978.1	TCGA-BC-A10S-01	No_SNV	No_CNV	Hypermethylation
AC002979.1	TCGA-BC-A10S-01	No_SNV	No_CNV	No_METH
AC002981.1	TCGA-BC-A10S-01	No_SNV	No_CNV	No_METH
AC002984.2	TCGA-BC-A10S-01	No_SNV	No_CNV	No_METH
AC002985.3	TCGA-BC-A10S-01	No_SNV	No_CNV	No_METH
AC003001.1	TCGA-BC-A10S-01	No_SNV	No_CNV	No_METH
AC003002.4	TCGA-BC-A10S-01	No_SNV	No_CNV	No_METH
AC003002.6	TCGA-BC-A10S-01	No_SNV	No_CNV	No_METH
AC003003.5	TCGA-BC-A10S-01	No_SNV	No_CNV	Hypermethylation
AC003005.2	TCGA-BC-A10S-01	No_SNV	No_CNV	No_METH
AC003005.4	TCGA-BC-A10S-01	No_SNV	No_CNV	No_METH
AC003006.1	TCGA-BC-A10S-01	No_SNV	No_CNV	No_METH
AC003006.7	TCGA-BC-A10S-01	No_SNV	No_CNV	No_METH
AC003009.1	TCGA-BC-A10S-01	No_SNV	No_CNV	Hypermethylation
AC003045.1	TCGA-BC-A10S-01	No_SNV	No_CNV	No_METH
AC003075.4	TCGA-BC-A10S-01	No_SNV	No_CNV	Hypomethylation
AC003080.4	TCGA-BC-A10S-01	No_SNV	No_CNV	No_METH
AC003084.2	TCGA-BC-A10S-01	No_SNV	No_CNV	Hypermethylation
AC003088.1	TCGA-BC-A10S-01	No_SNV	No_CNV	Hypomethylation
AC003090.1	TCGA-BC-A10S-01	No_SNV	No_CNV	No_METH
AC003092.1	TCGA-BC-A10S-01	No_SNV	No_CNV	No_METH
AC003092.2	TCGA-BC-A10S-01	No_SNV	No_CNV	No_METH
AC003101.1	TCGA-BC-A10S-01	No_SNV	No_CNV	Hypermethylation
AC003104.1	TCGA-BC-A10S-01	No_SNV	No_CNV	No_METH
AC003658.1	TCGA-BC-A10S-01	No_SNV	No_CNV	No_METH
AC003664.1	TCGA-BC-A10S-01	No_SNV	No_CNV	No_METH
AC003666.1	TCGA-BC-A10S-01	No_SNV	No_CNV	No_METH
AC003681.1	TCGA-BC-A10S-01	No_SNV	No_CNV	No_METH
AC003682.16	TCGA-BC-A10S-01	No_SNV	No_CNV	No_METH
AC003682.17	TCGA-BC-A10S-01	No_SNV	No_CNV	Hypomethylation
AC003688.1	TCGA-BC-A10S-01	No_SNV	No_CNV	Hypomethylation
AC003956.1	TCGA-BC-A10S-01	No_SNV	No_CNV	Hypomethylation
AC003958.2	TCGA-BC-A10S-01	No_SNV	No_CNV	No_METH
AC003958.6	TCGA-BC-A10S-01	No_SNV	No_CNV	No_METH
AC003968.1	TCGA-BC-A10S-01	No_SNV	No_CNV	No_METH
AC003973.1	TCGA-BC-A10S-01	No_SNV	No_CNV	No_METH
AC003973.3	TCGA-BC-A10S-01	No_SNV	No_CNV	No_METH
AC003973.4	TCGA-BC-A10S-01	No_SNV	No_CNV	No_METH
AC003973.5	TCGA-BC-A10S-01	No_SNV	No_CNV	No_METH
AC003984.1	TCGA-BC-A10S-01	No_SNV	No_CNV	No_METH
AC003985.1	TCGA-BC-A10S-01	No_SNV	No_CNV	No_METH
AC003986.5	TCGA-BC-A10S-01	No_SNV	No_CNV	Hypomethylation
AC003986.6	TCGA-BC-A10S-01	No_SNV	No_CNV	Hypomethylation
AC003986.7	TCGA-BC-A10S-01	No_SNV	No_CNV	Hypomethylation
AC003988.1	TCGA-BC-A10S-01	No_SNV	No_CNV	No_METH
AC003989.3	TCGA-BC-A10S-01	No_SNV	No_CNV	No_METH
AC003989.4	TCGA-BC-A10S-01	No_SNV	No_CNV	No_METH
AC003991.3	TCGA-BC-A10S-01	No_SNV	No_CNV	No_METH
AC004000.1	TCGA-BC-A10S-01	No_SNV	No_CNV	No_METH
AC004000.2	TCGA-BC-A10S-01	No_SNV	No_CNV	No_METH
AC004004.2	TCGA-BC-A10S-01	No_SNV	No_CNV	No_METH
AC004006.2	TCGA-BC-A10S-01	No_SNV	No_CNV	No_METH
AC004009.1	TCGA-BC-A10S-01	No_SNV	No_CNV	No_METH
AC004009.2	TCGA-BC-A10S-01	No_SNV	No_CNV	Hypermethylation
AC004009.3	TCGA-BC-A10S-01	No_SNV	No_CNV	No_METH
AC004012.1	TCGA-BC-A10S-01	No_SNV	No_CNV	Hypomethylation
AC004014.3	TCGA-BC-A10S-01	No_SNV	No_CNV	No_METH
AC004016.1	TCGA-BC-A10S-01	No_SNV	No_CNV	No_METH
AC004019.10	TCGA-BC-A10S-01	No_SNV	No_CNV	Hypermethylation
AC004019.13	TCGA-BC-A10S-01	No_SNV	No_CNV	Hypermethylation
AC004022.7	TCGA-BC-A10S-01	No_SNV	No_CNV	No_METH
AC004022.8	TCGA-BC-A10S-01	No_SNV	No_CNV	No_METH
AC004051.2	TCGA-BC-A10S-01	No_SNV	No_CNV	No_METH
AC004052.1	TCGA-BC-A10S-01	No_SNV	No_CNV	No_METH
AC004053.1	TCGA-BC-A10S-01	No_SNV	No_CNV	No_METH
AC004053.2	TCGA-BC-A10S-01	No_SNV	No_CNV	No_METH
AC004054.1	TCGA-BC-A10S-01	No_SNV	No_CNV	No_METH
AC004057.1	TCGA-BC-A10S-01	No_SNV	No_CNV	No_METH
AC004062.2	TCGA-BC-A10S-01	No_SNV	No_CNV	No_METH
AC004063.1	TCGA-BC-A10S-01	No_SNV	No_CNV	No_METH
AC004066.2	TCGA-BC-A10S-01	No_SNV	No_CNV	No_METH
AC004066.3	TCGA-BC-A10S-01	No_SNV	No_CNV	Hypermethylation
AC004067.5	TCGA-BC-A10S-01	No_SNV	No_CNV	No_METH
AC004069.1	TCGA-BC-A10S-01	No_SNV	No_CNV	No_METH
AC004069.2	TCGA-BC-A10S-01	No_SNV	No_CNV	No_METH
AC004070.1	TCGA-BC-A10S-01	No_SNV	No_CNV	No_METH
AC004074.4	TCGA-BC-A10S-01	No_SNV	No_CNV	No_METH
AC004076.5	TCGA-BC-A10S-01	No_SNV	No_CNV	No_METH
AC004076.7	TCGA-BC-A10S-01	No_SNV	No_CNV	No_METH
AC004076.9	TCGA-BC-A10S-01	No_SNV	No_CNV	No_METH
AC004079.1	TCGA-BC-A10S-01	No_SNV	No_CNV	No_METH
AC004108.1	TCGA-BC-A10S-01	No_SNV	No_CNV	No_METH
AC004112.4	TCGA-BC-A10S-01	No_SNV	No_CNV	No_METH
AC004112.5	TCGA-BC-A10S-01	No_SNV	No_CNV	No_METH
AC004112.7	TCGA-BC-A10S-01	No_SNV	No_CNV	No_METH
AC004125.3	TCGA-BC-A10S-01	No_SNV	No_CNV	No_METH
AC004129.7	TCGA-BC-A10S-01	No_SNV	No_CNV	No_METH
AC004129.9	TCGA-BC-A10S-01	No_SNV	No_CNV	No_METH
AC004156.3	TCGA-BC-A10S-01	No_SNV	No_CNV	No_METH
AC004158.1	TCGA-BC-A10S-01	No_SNV	No_CNV	No_METH
AC004158.3	TCGA-BC-A10S-01	No_SNV	No_CNV	Hypermethylation
AC004159.1	TCGA-BC-A10S-01	No_SNV	No_CNV	No_METH
AC004160.4	TCGA-BC-A10S-01	No_SNV	No_CNV	No_METH
AC004221.2	TCGA-BC-A10S-01	No_SNV	No_CNV	No_METH
AC004231.2	TCGA-BC-A10S-01	No_SNV	No_CNV	Hypermethylation
AC004237.1	TCGA-BC-A10S-01	No_SNV	No_CNV	No_METH
AC004257.1	TCGA-BC-A10S-01	No_SNV	No_CNV	Hypomethylation
AC004381.6	TCGA-BC-A10S-01	No_SNV	No_CNV	Hypomethylation
AC004381.7	TCGA-BC-A10S-01	No_SNV	No_CNV	No_METH
AC004383.3	TCGA-BC-A10S-01	No_SNV	No_CNV	No_METH
AC004386.3	TCGA-BC-A10S-01	No_SNV	No_CNV	No_METH
AC004386.4	TCGA-BC-A10S-01	No_SNV	No_CNV	No_METH
AC004448.2	TCGA-BC-A10S-01	No_SNV	No_CNV	Hypermethylation
AC004448.5	TCGA-BC-A10S-01	No_SNV	No_CNV	Hypermethylation
AC004449.6	TCGA-BC-A10S-01	No_SNV	No_CNV	Hypermethylation
AC004453.1	TCGA-BC-A10S-01	No_SNV	No_CNV	No_METH
AC004453.8	TCGA-BC-A10S-01	No_SNV	No_CNV	Hypermethylation
AC004458.1	TCGA-BC-A10S-01	No_SNV	No_CNV	No_METH
AC004460.1	TCGA-BC-A10S-01	No_SNV	No_CNV	No_METH
AC004461.4	TCGA-BC-A10S-01	No_SNV	No_CNV	No_METH
AC004470.1	TCGA-BC-A10S-01	No_SNV	No_CNV	No_METH
AC004471.10	TCGA-BC-A10S-01	No_SNV	No_CNV	Hypermethylation
AC004471.9	TCGA-BC-A10S-01	No_SNV	No_CNV	Hypomethylation
AC004477.1	TCGA-BC-A10S-01	No_SNV	No_CNV	Hypomethylation
AC004485.3	TCGA-BC-A10S-01	No_SNV	No_CNV	No_METH
AC004490.1	TCGA-BC-A10S-01	No_SNV	No_CNV	Hypermethylation
AC004492.1	TCGA-BC-A10S-01	No_SNV	No_CNV	No_METH
AC004510.3	TCGA-BC-A10S-01	No_SNV	No_CNV	Hypomethylation
AC004520.1	TCGA-BC-A10S-01	No_SNV	No_CNV	No_METH
AC004535.2	TCGA-BC-A10S-01	No_SNV	No_CNV	No_METH
AC004538.3	TCGA-BC-A10S-01	No_SNV	No_CNV	Hypermethylation
AC004540.4	TCGA-BC-A10S-01	No_SNV	No_CNV	No_METH
AC004540.5	TCGA-BC-A10S-01	No_SNV	No_CNV	No_METH
AC004541.1	TCGA-BC-A10S-01	No_SNV	No_CNV	No_METH
AC004543.1	TCGA-BC-A10S-01	No_SNV	No_CNV	No_METH
AC004543.2	TCGA-BC-A10S-01	No_SNV	No_CNV	No_METH
AC004549.6	TCGA-BC-A10S-01	No_SNV	No_CNV	Hypomethylation
AC004552.1	TCGA-BC-A10S-01	No_SNV	No_CNV	No_METH
AC004593.3	TCGA-BC-A10S-01	No_SNV	No_CNV	No_METH
AC004595.1	TCGA-BC-A10S-01	No_SNV	No_CNV	No_METH
AC004603.4	TCGA-BC-A10S-01	No_SNV	No_CNV	No_METH
AC004623.2	TCGA-BC-A10S-01	No_SNV	No_CNV	Hypermethylation
AC004623.3	TCGA-BC-A10S-01	No_SNV	No_CNV	Hypermethylation
AC004637.1	TCGA-BC-A10S-01	No_SNV	No_CNV	Hypermethylation
AC004655.1	TCGA-BC-A10S-01	No_SNV	No_CNV	No_METH
AC004656.1	TCGA-BC-A10S-01	No_SNV	No_CNV	No_METH
AC004673.1	TCGA-BC-A10S-01	No_SNV	No_CNV	No_METH
AC004691.1	TCGA-BC-A10S-01	No_SNV	No_CNV	No_METH
AC004691.5	TCGA-BC-A10S-01	No_SNV	No_CNV	Hypermethylation
AC004692.4	TCGA-BC-A10S-01	No_SNV	No_CNV	No_METH
AC004692.5	TCGA-BC-A10S-01	No_SNV	No_CNV	Hypermethylation
AC004699.1	TCGA-BC-A10S-01	No_SNV	No_CNV	No_METH
AC004702.2	TCGA-BC-A10S-01	No_SNV	No_CNV	No_METH
AC004744.3	TCGA-BC-A10S-01	No_SNV	No_CNV	No_METH
AC004745.1	TCGA-BC-A10S-01	No_SNV	No_CNV	No_METH
AC004754.3	TCGA-BC-A10S-01	No_SNV	No_CNV	Hypermethylation
AC004769.1	TCGA-BC-A10S-01	No_SNV	No_CNV	No_METH
AC004775.5	TCGA-BC-A10S-01	No_SNV	No_CNV	Hypermethylation
AC004791.2	TCGA-BC-A10S-01	No_SNV	No_CNV	No_METH
AC004812.1	TCGA-BC-A10S-01	No_SNV	No_CNV	No_METH
AC004813.1	TCGA-BC-A10S-01	No_SNV	No_CNV	No_METH
AC004816.1	TCGA-BC-A10S-01	No_SNV	No_CNV	No_METH
AC004819.1	TCGA-BC-A10S-01	No_SNV	No_CNV	Hypomethylation
AC004824.1	TCGA-BC-A10S-01	No_SNV	No_CNV	No_METH
AC004824.2	TCGA-BC-A10S-01	No_SNV	No_CNV	No_METH
AC004832.1	TCGA-BC-A10S-01	No_SNV	No_CNV	No_METH
AC004837.1	TCGA-BC-A10S-01	No_SNV	No_CNV	No_METH
AC004837.3	TCGA-BC-A10S-01	No_SNV	No_CNV	No_METH
AC004837.4	TCGA-BC-A10S-01	No_SNV	No_CNV	No_METH
AC004837.5	TCGA-BC-A10S-01	No_SNV	No_CNV	Hypermethylation
AC004840.8	TCGA-BC-A10S-01	No_SNV	No_CNV	Hypermethylation
AC004846.1	TCGA-BC-A10S-01	No_SNV	No_CNV	No_METH
AC004850.1	TCGA-BC-A10S-01	No_SNV	No_CNV	No_METH
AC004853.1	TCGA-BC-A10S-01	No_SNV	No_CNV	No_METH
AC004854.4	TCGA-BC-A10S-01	No_SNV	No_CNV	Hypomethylation
AC004854.5	TCGA-BC-A10S-01	No_SNV	No_CNV	No_METH
AC004862.6	TCGA-BC-A10S-01	No_SNV	No_CNV	Hypermethylation
AC004866.1	TCGA-BC-A10S-01	No_SNV	No_CNV	No_METH
AC004866.3	TCGA-BC-A10S-01	No_SNV	No_CNV	No_METH
AC004869.2	TCGA-BC-A10S-01	No_SNV	No_CNV	No_METH
AC004869.3	TCGA-BC-A10S-01	No_SNV	No_CNV	No_METH
AC004870.3	TCGA-BC-A10S-01	No_SNV	No_CNV	No_METH
AC004870.4	TCGA-BC-A10S-01	No_SNV	No_CNV	No_METH
AC004870.5	TCGA-BC-A10S-01	No_SNV	No_CNV	No_METH
AC004875.1	TCGA-BC-A10S-01	No_SNV	No_CNV	No_METH
AC004878.2	TCGA-BC-A10S-01	No_SNV	No_CNV	No_METH
AC004878.8	TCGA-BC-A10S-01	No_SNV	No_CNV	No_METH
AC004893.10	TCGA-BC-A10S-01	No_SNV	No_CNV	No_METH
AC004893.11	TCGA-BC-A10S-01	No_SNV	No_CNV	Hypermethylation
AC004895.1	TCGA-BC-A10S-01	No_SNV	No_CNV	No_METH
AC004895.4	TCGA-BC-A10S-01	No_SNV	No_CNV	Hypomethylation
AC004899.3	TCGA-BC-A10S-01	No_SNV	No_CNV	No_METH
AC004901.1	TCGA-BC-A10S-01	No_SNV	No_CNV	No_METH
AC004906.3	TCGA-BC-A10S-01	No_SNV	No_CNV	No_METH
AC004911.2	TCGA-BC-A10S-01	No_SNV	No_CNV	No_METH
AC004915.1	TCGA-BC-A10S-01	No_SNV	No_CNV	No_METH
AC004920.2	TCGA-BC-A10S-01	No_SNV	No_CNV	No_METH
AC004920.3	TCGA-BC-A10S-01	No_SNV	No_CNV	No_METH
AC004924.1	TCGA-BC-A10S-01	No_SNV	No_CNV	No_METH
AC004932.1	TCGA-BC-A10S-01	No_SNV	No_CNV	No_METH
AC004938.5	TCGA-BC-A10S-01	No_SNV	No_CNV	No_METH
AC004941.3	TCGA-BC-A10S-01	No_SNV	No_CNV	No_METH
AC004941.5	TCGA-BC-A10S-01	No_SNV	No_CNV	No_METH
AC004943.1	TCGA-BC-A10S-01	No_SNV	No_CNV	No_METH
AC004945.1	TCGA-BC-A10S-01	No_SNV	No_CNV	Hypermethylation
AC004946.1	TCGA-BC-A10S-01	No_SNV	No_CNV	No_METH
AC004947.2	TCGA-BC-A10S-01	No_SNV	No_CNV	No_METH
AC004951.5	TCGA-BC-A10S-01	No_SNV	No_CNV	No_METH
AC004951.6	TCGA-BC-A10S-01	No_SNV	No_CNV	Hypermethylation
AC004953.1	TCGA-BC-A10S-01	No_SNV	No_CNV	No_METH
AC004967.7	TCGA-BC-A10S-01	No_SNV	No_CNV	Hypomethylation
AC004969.1	TCGA-BC-A10S-01	No_SNV	No_CNV	No_METH
AC004980.1	TCGA-BC-A10S-01	No_SNV	No_CNV	No_METH
AC004980.10	TCGA-BC-A10S-01	No_SNV	No_CNV	No_METH
AC004980.7	TCGA-BC-A10S-01	No_SNV	No_CNV	No_METH
AC004980.8	TCGA-BC-A10S-01	No_SNV	No_CNV	Hypermethylation
AC004980.9	TCGA-BC-A10S-01	No_SNV	No_CNV	No_METH
AC004984.1	TCGA-BC-A10S-01	No_SNV	No_CNV	No_METH
AC004985.12	TCGA-BC-A10S-01	No_SNV	No_CNV	No_METH
AC004987.10	TCGA-BC-A10S-01	No_SNV	No_CNV	No_METH
AC004987.9	TCGA-BC-A10S-01	No_SNV	No_CNV	No_METH
AC004988.1	TCGA-BC-A10S-01	No_SNV	No_CNV	Hypermethylation
AC005000.1	TCGA-BC-A10S-01	No_SNV	No_CNV	No_METH
AC005008.2	TCGA-BC-A10S-01	No_SNV	No_CNV	No_METH
AC005008.3	TCGA-BC-A10S-01	No_SNV	No_CNV	No_METH
AC005009.1	TCGA-BC-A10S-01	No_SNV	No_CNV	No_METH
AC005009.2	TCGA-BC-A10S-01	No_SNV	No_CNV	No_METH
AC005013.5	TCGA-BC-A10S-01	No_SNV	No_CNV	No_METH
AC005014.5	TCGA-BC-A10S-01	No_SNV	No_CNV	Hypermethylation
AC005017.2	TCGA-BC-A10S-01	No_SNV	No_CNV	Hypermethylation
AC005019.2	TCGA-BC-A10S-01	No_SNV	No_CNV	No_METH
AC005019.3	TCGA-BC-A10S-01	No_SNV	No_CNV	No_METH
AC005020.1	TCGA-BC-A10S-01	No_SNV	No_CNV	No_METH
AC005024.1	TCGA-BC-A10S-01	No_SNV	No_CNV	No_METH
AC005027.3	TCGA-BC-A10S-01	No_SNV	No_CNV	No_METH
AC005033.6	TCGA-BC-A10S-01	No_SNV	No_CNV	No_METH
AC005034.2	TCGA-BC-A10S-01	No_SNV	No_CNV	Hypermethylation
AC005037.1	TCGA-BC-A10S-01	No_SNV	No_CNV	No_METH
AC005037.3	TCGA-BC-A10S-01	No_SNV	No_CNV	No_METH
AC005037.6	TCGA-BC-A10S-01	No_SNV	No_CNV	No_METH
AC005040.3	TCGA-BC-A10S-01	No_SNV	No_CNV	No_METH
AC005041.11	TCGA-BC-A10S-01	No_SNV	No_CNV	Hypermethylation
AC005042.1	TCGA-BC-A10S-01	No_SNV	No_CNV	No_METH
AC005042.2	TCGA-BC-A10S-01	No_SNV	No_CNV	No_METH
AC005042.3	TCGA-BC-A10S-01	No_SNV	No_CNV	No_METH
AC005042.4	TCGA-BC-A10S-01	No_SNV	No_CNV	Hypermethylation
AC005042.5	TCGA-BC-A10S-01	No_SNV	No_CNV	No_METH
AC005048.1	TCGA-BC-A10S-01	No_SNV	No_CNV	No_METH
AC005052.1	TCGA-BC-A10S-01	No_SNV	No_CNV	No_METH
AC005062.2	TCGA-BC-A10S-01	No_SNV	No_CNV	No_METH
AC005071.1	TCGA-BC-A10S-01	No_SNV	No_CNV	Hypermethylation
AC005071.2	TCGA-BC-A10S-01	No_SNV	No_CNV	No_METH
AC005071.3	TCGA-BC-A10S-01	No_SNV	No_CNV	No_METH
AC005071.4	TCGA-BC-A10S-01	No_SNV	No_CNV	No_METH
AC005076.5	TCGA-BC-A10S-01	No_SNV	No_CNV	Hypomethylation
AC005077.14	TCGA-BC-A10S-01	No_SNV	No_CNV	Hypermethylation
AC005077.5	TCGA-BC-A10S-01	No_SNV	No_CNV	No_METH
AC005077.7	TCGA-BC-A10S-01	No_SNV	No_CNV	No_METH
AC005077.8	TCGA-BC-A10S-01	No_SNV	No_CNV	No_METH
AC005077.9	TCGA-BC-A10S-01	No_SNV	No_CNV	No_METH
AC005082.1	TCGA-BC-A10S-01	No_SNV	No_CNV	No_METH
AC005082.12	TCGA-BC-A10S-01	No_SNV	No_CNV	Hypermethylation
AC005083.1	TCGA-BC-A10S-01	No_SNV	No_CNV	Hypomethylation
AC005086.1	TCGA-BC-A10S-01	No_SNV	No_CNV	No_METH
AC005086.2	TCGA-BC-A10S-01	No_SNV	No_CNV	No_METH
AC005086.3	TCGA-BC-A10S-01	No_SNV	No_CNV	No_METH
AC005088.1	TCGA-BC-A10S-01	No_SNV	No_CNV	Hypermethylation
AC005094.2	TCGA-BC-A10S-01	No_SNV	No_CNV	No_METH
AC005102.1	TCGA-BC-A10S-01	No_SNV	No_CNV	Hypermethylation
AC005104.3	TCGA-BC-A10S-01	No_SNV	No_CNV	Hypermethylation
AC005105.2	TCGA-BC-A10S-01	No_SNV	No_CNV	No_METH
AC005150.1	TCGA-BC-A10S-01	No_SNV	No_CNV	No_METH
AC005150.2	TCGA-BC-A10S-01	No_SNV	No_CNV	No_METH
AC005150.3	TCGA-BC-A10S-01	No_SNV	No_CNV	No_METH
AC005152.3	TCGA-BC-A10S-01	No_SNV	No_CNV	Hypomethylation
AC005154.6	TCGA-BC-A10S-01	No_SNV	No_CNV	Hypomethylation
AC005154.7	TCGA-BC-A10S-01	No_SNV	No_CNV	No_METH
AC005154.8	TCGA-BC-A10S-01	No_SNV	No_CNV	No_METH
AC005158.1	TCGA-BC-A10S-01	No_SNV	No_CNV	No_METH
AC005159.1	TCGA-BC-A10S-01	No_SNV	No_CNV	No_METH
AC005160.3	TCGA-BC-A10S-01	No_SNV	No_CNV	Hypermethylation
AC005162.4	TCGA-BC-A10S-01	No_SNV	No_CNV	No_METH
AC005162.5	TCGA-BC-A10S-01	No_SNV	No_CNV	No_METH
AC005176.1	TCGA-BC-A10S-01	No_SNV	No_CNV	No_METH
AC005176.2	TCGA-BC-A10S-01	No_SNV	No_CNV	No_METH
AC005176.3	TCGA-BC-A10S-01	No_SNV	No_CNV	No_METH
AC005178.1	TCGA-BC-A10S-01	No_SNV	No_CNV	No_METH
AC005187.1	TCGA-BC-A10S-01	No_SNV	No_CNV	No_METH
AC005189.6	TCGA-BC-A10S-01	No_SNV	No_CNV	No_METH
AC005197.2	TCGA-BC-A10S-01	No_SNV	No_CNV	No_METH
AC005204.1	TCGA-BC-A10S-01	No_SNV	No_CNV	No_METH
AC005215.1	TCGA-BC-A10S-01	No_SNV	No_CNV	No_METH
AC005220.3	TCGA-BC-A10S-01	No_SNV	No_CNV	No_METH
AC005224.2	TCGA-BC-A10S-01	No_SNV	No_CNV	Hypermethylation
AC005227.1	TCGA-BC-A10S-01	No_SNV	No_CNV	No_METH
AC005229.1	TCGA-BC-A10S-01	No_SNV	No_CNV	No_METH
AC005229.5	TCGA-BC-A10S-01	No_SNV	No_CNV	No_METH
AC005229.7	TCGA-BC-A10S-01	No_SNV	No_CNV	Hypermethylation
AC005235.1	TCGA-BC-A10S-01	No_SNV	No_CNV	No_METH
AC005237.2	TCGA-BC-A10S-01	No_SNV	No_CNV	No_METH
AC005237.4	TCGA-BC-A10S-01	No_SNV	No_CNV	Hypermethylation
AC005251.3	TCGA-BC-A10S-01	No_SNV	No_CNV	No_METH
AC005253.2	TCGA-BC-A10S-01	No_SNV	No_CNV	No_METH
AC005253.4	TCGA-BC-A10S-01	No_SNV	No_CNV	Hypermethylation
AC005255.3	TCGA-BC-A10S-01	No_SNV	No_CNV	No_METH
AC005255.5	TCGA-BC-A10S-01	No_SNV	No_CNV	No_METH
AC005255.6	TCGA-BC-A10S-01	No_SNV	No_CNV	No_METH
AC005256.1	TCGA-BC-A10S-01	No_SNV	No_CNV	No_METH
AC005262.2	TCGA-BC-A10S-01	No_SNV	No_CNV	No_METH
AC005262.3	TCGA-BC-A10S-01	No_SNV	No_CNV	Hypermethylation
AC005262.4	TCGA-BC-A10S-01	No_SNV	No_CNV	No_METH
AC005264.2	TCGA-BC-A10S-01	No_SNV	No_CNV	No_METH
AC005276.1	TCGA-BC-A10S-01	No_SNV	No_CNV	No_METH
AC005281.1	TCGA-BC-A10S-01	No_SNV	No_CNV	No_METH
AC005281.2	TCGA-BC-A10S-01	No_SNV	No_CNV	Hypomethylation
AC005284.1	TCGA-BC-A10S-01	No_SNV	No_CNV	No_METH
AC005284.2	TCGA-BC-A10S-01	No_SNV	No_CNV	No_METH
AC005288.1	TCGA-BC-A10S-01	No_SNV	No_CNV	No_METH
AC005300.5	TCGA-BC-A10S-01	No_SNV	No_CNV	No_METH
AC005301.8	TCGA-BC-A10S-01	No_SNV	No_CNV	No_METH
AC005304.1	TCGA-BC-A10S-01	No_SNV	No_CNV	No_METH
AC005306.3	TCGA-BC-A10S-01	No_SNV	No_CNV	Hypermethylation
AC005307.1	TCGA-BC-A10S-01	No_SNV	No_CNV	No_METH
AC005307.3	TCGA-BC-A10S-01	No_SNV	No_CNV	No_METH
AC005324.6	TCGA-BC-A10S-01	No_SNV	No_CNV	No_METH
AC005324.7	TCGA-BC-A10S-01	No_SNV	No_CNV	No_METH
AC005329.7	TCGA-BC-A10S-01	No_SNV	No_CNV	Hypermethylation
AC005330.2	TCGA-BC-A10S-01	No_SNV	No_CNV	Hypermethylation
AC005336.4	TCGA-BC-A10S-01	No_SNV	No_CNV	Hypermethylation
AC005336.5	TCGA-BC-A10S-01	No_SNV	No_CNV	Hypermethylation
AC005339.1	TCGA-BC-A10S-01	No_SNV	No_CNV	Hypermethylation
AC005339.2	TCGA-BC-A10S-01	No_SNV	No_CNV	No_METH
AC005351.1	TCGA-BC-A10S-01	No_SNV	No_CNV	No_METH
AC005355.1	TCGA-BC-A10S-01	No_SNV	No_CNV	No_METH
AC005355.2	TCGA-BC-A10S-01	No_SNV	No_CNV	No_METH
AC005355.3	TCGA-BC-A10S-01	No_SNV	No_CNV	Hypomethylation
AC005357.1	TCGA-BC-A10S-01	No_SNV	No_CNV	No_METH
AC005358.3	TCGA-BC-A10S-01	No_SNV	No_CNV	No_METH
AC005363.11	TCGA-BC-A10S-01	No_SNV	No_CNV	Hypomethylation
AC005363.9	TCGA-BC-A10S-01	No_SNV	No_CNV	Hypomethylation
AC005371.1	TCGA-BC-A10S-01	No_SNV	No_CNV	No_METH
AC005375.1	TCGA-BC-A10S-01	No_SNV	No_CNV	No_METH
AC005387.2	TCGA-BC-A10S-01	No_SNV	No_CNV	Hypermethylation
AC005387.3	TCGA-BC-A10S-01	No_SNV	No_CNV	Hypermethylation
AC005391.2	TCGA-BC-A10S-01	No_SNV	No_CNV	Hypermethylation
AC005392.13	TCGA-BC-A10S-01	No_SNV	No_CNV	No_METH
AC005394.1	TCGA-BC-A10S-01	No_SNV	No_CNV	No_METH
AC005412.1	TCGA-BC-A10S-01	No_SNV	No_CNV	No_METH
AC005477.1	TCGA-BC-A10S-01	No_SNV	No_CNV	No_METH
AC005480.1	TCGA-BC-A10S-01	No_SNV	No_CNV	No_METH
AC005481.5	TCGA-BC-A10S-01	No_SNV	No_CNV	No_METH
AC005487.2	TCGA-BC-A10S-01	No_SNV	No_CNV	No_METH
AC005488.11	TCGA-BC-A10S-01	No_SNV	No_CNV	Hypermethylation
AC005498.1	TCGA-BC-A10S-01	No_SNV	No_CNV	No_METH
AC005498.3	TCGA-BC-A10S-01	No_SNV	No_CNV	Hypomethylation
AC005498.4	TCGA-BC-A10S-01	No_SNV	No_CNV	No_METH
AC005510.3	TCGA-BC-A10S-01	No_SNV	No_CNV	No_METH
AC005513.1	TCGA-BC-A10S-01	No_SNV	No_CNV	No_METH
AC005514.2	TCGA-BC-A10S-01	No_SNV	No_CNV	Hypermethylation
AC005517.3	TCGA-BC-A10S-01	No_SNV	No_CNV	No_METH
AC005518.2	TCGA-BC-A10S-01	No_SNV	No_CNV	No_METH
AC005519.4	TCGA-BC-A10S-01	No_SNV	No_CNV	No_METH
AC005522.6	TCGA-BC-A10S-01	No_SNV	No_CNV	Hypermethylation
AC005522.7	TCGA-BC-A10S-01	No_SNV	No_CNV	Hypermethylation
AC005523.2	TCGA-BC-A10S-01	No_SNV	No_CNV	No_METH
AC005523.3	TCGA-BC-A10S-01	No_SNV	No_CNV	No_METH
AC005532.5	TCGA-BC-A10S-01	No_SNV	No_CNV	No_METH
AC005534.6	TCGA-BC-A10S-01	No_SNV	No_CNV	No_METH
AC005534.8	TCGA-BC-A10S-01	No_SNV	No_CNV	No_METH
AC005537.2	TCGA-BC-A10S-01	No_SNV	No_CNV	Hypomethylation
AC005538.1	TCGA-BC-A10S-01	No_SNV	No_CNV	No_METH
AC005538.3	TCGA-BC-A10S-01	No_SNV	No_CNV	No_METH
AC005538.5	TCGA-BC-A10S-01	No_SNV	No_CNV	Hypermethylation
AC005539.2	TCGA-BC-A10S-01	No_SNV	No_CNV	No_METH
AC005540.1	TCGA-BC-A10S-01	No_SNV	No_CNV	Hypomethylation
AC005540.3	TCGA-BC-A10S-01	No_SNV	No_CNV	Hypomethylation
AC005546.2	TCGA-BC-A10S-01	No_SNV	No_CNV	No_METH
AC005549.1	TCGA-BC-A10S-01	No_SNV	No_CNV	No_METH
AC005549.2	TCGA-BC-A10S-01	No_SNV	No_CNV	No_METH
AC005550.3	TCGA-BC-A10S-01	No_SNV	No_CNV	No_METH
AC005550.5	TCGA-BC-A10S-01	No_SNV	No_CNV	No_METH
AC005559.3	TCGA-BC-A10S-01	No_SNV	No_CNV	No_METH
AC005562.1	TCGA-BC-A10S-01	No_SNV	No_CNV	No_METH
AC005562.2	TCGA-BC-A10S-01	No_SNV	No_CNV	No_METH
AC005578.3	TCGA-BC-A10S-01	No_SNV	No_CNV	Hypomethylation
AC005588.2	TCGA-BC-A10S-01	No_SNV	No_CNV	No_METH
AC005592.1	TCGA-BC-A10S-01	No_SNV	No_CNV	No_METH
AC005592.2	TCGA-BC-A10S-01	No_SNV	No_CNV	No_METH
AC005592.3	TCGA-BC-A10S-01	No_SNV	No_CNV	No_METH
AC005593.2	TCGA-BC-A10S-01	No_SNV	No_CNV	Hypomethylation
AC005597.1	TCGA-BC-A10S-01	No_SNV	No_CNV	Hypomethylation
AC005599.1	TCGA-BC-A10S-01	No_SNV	No_CNV	No_METH
AC005606.14	TCGA-BC-A10S-01	No_SNV	No_CNV	No_METH
AC005606.15	TCGA-BC-A10S-01	No_SNV	No_CNV	Hypermethylation
AC005609.16	TCGA-BC-A10S-01	No_SNV	No_CNV	No_METH
AC005609.17	TCGA-BC-A10S-01	No_SNV	No_CNV	No_METH
AC005609.18	TCGA-BC-A10S-01	No_SNV	No_CNV	Hypermethylation
AC005609.19	TCGA-BC-A10S-01	No_SNV	No_CNV	Hypermethylation
AC005609.2	TCGA-BC-A10S-01	No_SNV	No_CNV	No_METH
AC005609.20	TCGA-BC-A10S-01	No_SNV	No_CNV	No_METH
AC005614.3	TCGA-BC-A10S-01	No_SNV	No_CNV	Hypomethylation
AC005614.5	TCGA-BC-A10S-01	No_SNV	No_CNV	Hypomethylation
AC005616.1	TCGA-BC-A10S-01	No_SNV	No_CNV	No_METH
AC005616.2	TCGA-BC-A10S-01	No_SNV	No_CNV	No_METH
AC005618.6	TCGA-BC-A10S-01	No_SNV	No_CNV	No_METH
AC005618.8	TCGA-BC-A10S-01	No_SNV	No_CNV	No_METH
AC005618.9	TCGA-BC-A10S-01	No_SNV	No_CNV	Hypermethylation
AC005621.1	TCGA-BC-A10S-01	No_SNV	No_CNV	No_METH
AC005624.2	TCGA-BC-A10S-01	No_SNV	No_CNV	Hypomethylation
AC005625.1	TCGA-BC-A10S-01	No_SNV	No_CNV	No_METH
AC005626.3	TCGA-BC-A10S-01	No_SNV	No_CNV	No_METH
AC005631.1	TCGA-BC-A10S-01	No_SNV	No_CNV	No_METH
AC005668.1	TCGA-BC-A10S-01	No_SNV	No_CNV	No_METH
AC005682.5	TCGA-BC-A10S-01	No_SNV	No_CNV	No_METH
AC005682.6	TCGA-BC-A10S-01	No_SNV	No_CNV	Hypermethylation
AC005682.7	TCGA-BC-A10S-01	No_SNV	No_CNV	No_METH
AC005686.1	TCGA-BC-A10S-01	No_SNV	No_CNV	No_METH
AC005701.1	TCGA-BC-A10S-01	No_SNV	No_CNV	No_METH
AC005702.1	TCGA-BC-A10S-01	No_SNV	No_CNV	Hypermethylation
AC005702.2	TCGA-BC-A10S-01	No_SNV	No_CNV	Hypermethylation
AC005702.3	TCGA-BC-A10S-01	No_SNV	No_CNV	Hypermethylation
AC005702.4	TCGA-BC-A10S-01	No_SNV	No_CNV	Hypermethylation
AC005703.2	TCGA-BC-A10S-01	No_SNV	No_CNV	Hypermethylation
AC005703.3	TCGA-BC-A10S-01	No_SNV	No_CNV	No_METH
AC005722.4	TCGA-BC-A10S-01	No_SNV	No_CNV	No_METH
AC005725.1	TCGA-BC-A10S-01	No_SNV	No_CNV	No_METH
AC005730.2	TCGA-BC-A10S-01	No_SNV	No_CNV	No_METH
AC005740.3	TCGA-BC-A10S-01	No_SNV	No_CNV	Hypermethylation
AC005740.4	TCGA-BC-A10S-01	No_SNV	No_CNV	No_METH
AC005740.5	TCGA-BC-A10S-01	No_SNV	No_CNV	Hypermethylation
AC005740.6	TCGA-BC-A10S-01	No_SNV	No_CNV	No_METH
AC005741.2	TCGA-BC-A10S-01	No_SNV	No_CNV	No_METH
AC005752.10	TCGA-BC-A10S-01	No_SNV	No_CNV	No_METH
AC005753.1	TCGA-BC-A10S-01	No_SNV	No_CNV	No_METH
AC005754.7	TCGA-BC-A10S-01	No_SNV	No_CNV	No_METH
AC005754.8	TCGA-BC-A10S-01	No_SNV	No_CNV	No_METH
AC005757.6	TCGA-BC-A10S-01	No_SNV	No_CNV	No_METH
AC005757.7	TCGA-BC-A10S-01	No_SNV	No_CNV	Hypermethylation
AC005758.1	TCGA-BC-A10S-01	No_SNV	No_CNV	No_METH
AC005772.2	TCGA-BC-A10S-01	No_SNV	No_CNV	No_METH
AC005775.2	TCGA-BC-A10S-01	No_SNV	No_CNV	Hypomethylation
AC005776.1	TCGA-BC-A10S-01	No_SNV	No_CNV	No_METH
AC005777.3	TCGA-BC-A10S-01	No_SNV	No_CNV	No_METH
AC005779.2	TCGA-BC-A10S-01	No_SNV	No_CNV	Hypomethylation
AC005780.1	TCGA-BC-A10S-01	No_SNV	No_CNV	No_METH
AC005783.1	TCGA-BC-A10S-01	No_SNV	No_CNV	No_METH
AC005785.2	TCGA-BC-A10S-01	No_SNV	No_CNV	Hypomethylation
AC005785.5	TCGA-BC-A10S-01	No_SNV	No_CNV	No_METH
AC005786.3	TCGA-BC-A10S-01	No_SNV	No_CNV	No_METH
AC005786.5	TCGA-BC-A10S-01	No_SNV	No_CNV	Hypomethylation
AC005786.6	TCGA-BC-A10S-01	No_SNV	No_CNV	No_METH
AC005786.7	TCGA-BC-A10S-01	No_SNV	No_CNV	Hypermethylation
AC005789.9	TCGA-BC-A10S-01	No_SNV	No_CNV	Hypermethylation
AC005794.1	TCGA-BC-A10S-01	No_SNV	No_CNV	No_METH
AC005795.1	TCGA-BC-A10S-01	No_SNV	No_CNV	No_METH
AC005796.2	TCGA-BC-A10S-01	No_SNV	No_CNV	Hypomethylation
AC005808.3	TCGA-BC-A10S-01	No_SNV	No_CNV	Hypermethylation
AC005822.1	TCGA-BC-A10S-01	No_SNV	No_CNV	Hypermethylation
AC005828.1	TCGA-BC-A10S-01	No_SNV	No_CNV	No_METH
AC005838.2	TCGA-BC-A10S-01	No_SNV	No_CNV	No_METH
AC005863.1	TCGA-BC-A10S-01	No_SNV	No_CNV	Hypermethylation
AC005863.2	TCGA-BC-A10S-01	No_SNV	No_CNV	Hypermethylation
AC005901.1	TCGA-BC-A10S-01	No_SNV	No_CNV	Hypermethylation
AC005915.1	TCGA-BC-A10S-01	No_SNV	No_CNV	Hypomethylation
AC005926.1	TCGA-BC-A10S-01	No_SNV	No_CNV	No_METH
AC005932.1	TCGA-BC-A10S-01	No_SNV	No_CNV	No_METH
AC005943.2	TCGA-BC-A10S-01	No_SNV	No_CNV	No_METH
AC005943.6	TCGA-BC-A10S-01	No_SNV	No_CNV	Hypermethylation
AC005944.2	TCGA-BC-A10S-01	No_SNV	No_CNV	Hypermethylation
AC005954.3	TCGA-BC-A10S-01	No_SNV	No_CNV	Hypermethylation
AC005954.4	TCGA-BC-A10S-01	No_SNV	No_CNV	Hypermethylation
AC006000.5	TCGA-BC-A10S-01	No_SNV	No_CNV	No_METH
AC006003.3	TCGA-BC-A10S-01	No_SNV	No_CNV	No_METH
AC006004.1	TCGA-BC-A10S-01	No_SNV	No_CNV	No_METH
AC006007.1	TCGA-BC-A10S-01	No_SNV	No_CNV	No_METH
AC006011.4	TCGA-BC-A10S-01	No_SNV	No_CNV	Hypermethylation
AC006014.7	TCGA-BC-A10S-01	No_SNV	No_CNV	Hypomethylation
AC006014.8	TCGA-BC-A10S-01	No_SNV	No_CNV	Hypermethylation
AC006019.1	TCGA-BC-A10S-01	No_SNV	No_CNV	No_METH
AC006019.3	TCGA-BC-A10S-01	No_SNV	No_CNV	Hypermethylation
AC006019.4	TCGA-BC-A10S-01	No_SNV	No_CNV	No_METH
AC006022.4	TCGA-BC-A10S-01	No_SNV	No_CNV	No_METH
AC006026.1	TCGA-BC-A10S-01	No_SNV	No_CNV	No_METH
AC006026.12	TCGA-BC-A10S-01	No_SNV	No_CNV	Hypermethylation
AC006026.13	TCGA-BC-A10S-01	No_SNV	No_CNV	Hypomethylation
AC006026.9	TCGA-BC-A10S-01	No_SNV	No_CNV	No_METH
AC006028.11	TCGA-BC-A10S-01	No_SNV	No_CNV	No_METH
AC006033.22	TCGA-BC-A10S-01	No_SNV	No_CNV	No_METH
AC006037.2	TCGA-BC-A10S-01	No_SNV	No_CNV	No_METH
AC006041.1	TCGA-BC-A10S-01	No_SNV	No_CNV	No_METH
AC006042.6	TCGA-BC-A10S-01	No_SNV	No_CNV	Hypermethylation
AC006042.7	TCGA-BC-A10S-01	No_SNV	No_CNV	Hypomethylation
AC006042.8	TCGA-BC-A10S-01	No_SNV	No_CNV	No_METH
AC006050.2	TCGA-BC-A10S-01	No_SNV	No_CNV	No_METH
AC006070.12	TCGA-BC-A10S-01	No_SNV	No_CNV	No_METH
AC006076.1	TCGA-BC-A10S-01	No_SNV	No_CNV	No_METH
AC006077.3	TCGA-BC-A10S-01	No_SNV	No_CNV	Hypomethylation
AC006077.4	TCGA-BC-A10S-01	No_SNV	No_CNV	No_METH
AC006088.1	TCGA-BC-A10S-01	No_SNV	No_CNV	No_METH
AC006115.1	TCGA-BC-A10S-01	No_SNV	No_CNV	No_METH
AC006115.6	TCGA-BC-A10S-01	No_SNV	No_CNV	No_METH
AC006116.1	TCGA-BC-A10S-01	No_SNV	No_CNV	No_METH
AC006116.12	TCGA-BC-A10S-01	No_SNV	No_CNV	No_METH
AC006116.13	TCGA-BC-A10S-01	No_SNV	No_CNV	No_METH
AC006116.14	TCGA-BC-A10S-01	No_SNV	No_CNV	Hypermethylation
AC006116.15	TCGA-BC-A10S-01	No_SNV	No_CNV	No_METH
AC006116.17	TCGA-BC-A10S-01	No_SNV	No_CNV	No_METH
AC006116.19	TCGA-BC-A10S-01	No_SNV	No_CNV	No_METH
AC006116.20	TCGA-BC-A10S-01	No_SNV	No_CNV	Hypermethylation
AC006116.21	TCGA-BC-A10S-01	No_SNV	No_CNV	No_METH
AC006116.22	TCGA-BC-A10S-01	No_SNV	No_CNV	No_METH
AC006116.24	TCGA-BC-A10S-01	No_SNV	No_CNV	No_METH
AC006116.27	TCGA-BC-A10S-01	No_SNV	No_CNV	No_METH
AC006126.3	TCGA-BC-A10S-01	No_SNV	No_CNV	Hypermethylation
AC006126.4	TCGA-BC-A10S-01	No_SNV	No_CNV	Hypermethylation
AC006128.2	TCGA-BC-A10S-01	No_SNV	No_CNV	Hypermethylation
AC006129.1	TCGA-BC-A10S-01	No_SNV	No_CNV	No_METH
AC006129.2	TCGA-BC-A10S-01	No_SNV	No_CNV	No_METH
AC006129.3	TCGA-BC-A10S-01	No_SNV	No_CNV	No_METH
AC006130.1	TCGA-BC-A10S-01	No_SNV	No_CNV	No_METH
AC006130.3	TCGA-BC-A10S-01	No_SNV	No_CNV	Hypermethylation
AC006130.4	TCGA-BC-A10S-01	No_SNV	No_CNV	No_METH
AC006133.3	TCGA-BC-A10S-01	No_SNV	No_CNV	No_METH
AC006133.7	TCGA-BC-A10S-01	No_SNV	No_CNV	No_METH
AC006145.1	TCGA-BC-A10S-01	No_SNV	No_CNV	No_METH
AC006145.4	TCGA-BC-A10S-01	No_SNV	No_CNV	No_METH
AC006150.1	TCGA-BC-A10S-01	No_SNV	No_CNV	No_METH
AC006150.2	TCGA-BC-A10S-01	No_SNV	No_CNV	No_METH
AC006153.3	TCGA-BC-A10S-01	No_SNV	No_CNV	No_METH
AC006156.2	TCGA-BC-A10S-01	No_SNV	No_CNV	No_METH
AC006159.4	TCGA-BC-A10S-01	No_SNV	No_CNV	No_METH
AC006159.5	TCGA-BC-A10S-01	No_SNV	No_CNV	Hypermethylation
AC006160.5	TCGA-BC-A10S-01	No_SNV	No_CNV	No_METH
AC006195.2	TCGA-BC-A10S-01	No_SNV	No_CNV	No_METH
AC006196.1	TCGA-BC-A10S-01	No_SNV	No_CNV	No_METH
AC006227.1	TCGA-BC-A10S-01	No_SNV	No_CNV	No_METH
AC006262.10	TCGA-BC-A10S-01	No_SNV	No_CNV	No_METH
AC006262.11	TCGA-BC-A10S-01	No_SNV	No_CNV	No_METH
AC006262.4	TCGA-BC-A10S-01	No_SNV	No_CNV	No_METH
AC006262.5	TCGA-BC-A10S-01	No_SNV	No_CNV	No_METH
AC006272.1	TCGA-BC-A10S-01	No_SNV	No_CNV	No_METH
AC006272.2	TCGA-BC-A10S-01	No_SNV	No_CNV	No_METH
AC006273.4	TCGA-BC-A10S-01	No_SNV	No_CNV	No_METH
AC006273.5	TCGA-BC-A10S-01	No_SNV	No_CNV	No_METH
AC006277.2	TCGA-BC-A10S-01	No_SNV	No_CNV	Hypermethylation
AC006277.3	TCGA-BC-A10S-01	No_SNV	No_CNV	Hypomethylation
AC006288.1	TCGA-BC-A10S-01	No_SNV	No_CNV	No_METH
AC006296.1	TCGA-BC-A10S-01	No_SNV	No_CNV	No_METH
AC006296.2	TCGA-BC-A10S-01	No_SNV	No_CNV	No_METH
AC006322.1	TCGA-BC-A10S-01	No_SNV	No_CNV	No_METH
AC006326.3	TCGA-BC-A10S-01	No_SNV	No_CNV	No_METH
AC006326.5	TCGA-BC-A10S-01	No_SNV	No_CNV	No_METH
AC006328.1	TCGA-BC-A10S-01	No_SNV	No_CNV	No_METH
AC006328.2	TCGA-BC-A10S-01	No_SNV	No_CNV	No_METH
AC006328.3	TCGA-BC-A10S-01	No_SNV	No_CNV	No_METH
AC006328.4	TCGA-BC-A10S-01	No_SNV	No_CNV	No_METH
AC006328.9	TCGA-BC-A10S-01	No_SNV	No_CNV	No_METH
AC006335.10	TCGA-BC-A10S-01	No_SNV	No_CNV	Hypermethylation
AC006335.11	TCGA-BC-A10S-01	No_SNV	No_CNV	No_METH
AC006335.2	TCGA-BC-A10S-01	No_SNV	No_CNV	No_METH
AC006335.6	TCGA-BC-A10S-01	No_SNV	No_CNV	Hypermethylation
AC006355.3	TCGA-BC-A10S-01	No_SNV	No_CNV	No_METH
AC006366.3	TCGA-BC-A10S-01	No_SNV	No_CNV	No_METH
AC006369.2	TCGA-BC-A10S-01	No_SNV	No_CNV	Hypermethylation
AC006369.3	TCGA-BC-A10S-01	No_SNV	No_CNV	No_METH
AC006371.1	TCGA-BC-A10S-01	No_SNV	No_CNV	No_METH
AC006372.4	TCGA-BC-A10S-01	No_SNV	No_CNV	Hypermethylation
AC006372.5	TCGA-BC-A10S-01	No_SNV	No_CNV	No_METH
AC006372.6	TCGA-BC-A10S-01	No_SNV	No_CNV	Hypermethylation
AC006373.1	TCGA-BC-A10S-01	No_SNV	No_CNV	No_METH
AC006377.1	TCGA-BC-A10S-01	No_SNV	No_CNV	No_METH
AC006378.2	TCGA-BC-A10S-01	No_SNV	No_CNV	No_METH
AC006380.1	TCGA-BC-A10S-01	No_SNV	No_CNV	No_METH
AC006380.3	TCGA-BC-A10S-01	No_SNV	No_CNV	No_METH
AC006386.1	TCGA-BC-A10S-01	No_SNV	No_CNV	No_METH
AC006390.4	TCGA-BC-A10S-01	No_SNV	No_CNV	No_METH
AC006427.2	TCGA-BC-A10S-01	No_SNV	No_CNV	No_METH
AC006445.1	TCGA-BC-A10S-01	No_SNV	No_CNV	Hypomethylation
AC006445.6	TCGA-BC-A10S-01	No_SNV	No_CNV	No_METH
AC006445.7	TCGA-BC-A10S-01	No_SNV	No_CNV	No_METH
AC006449.2	TCGA-BC-A10S-01	No_SNV	No_CNV	Hypermethylation
AC006452.1	TCGA-BC-A10S-01	No_SNV	No_CNV	No_METH
AC006452.2	TCGA-BC-A10S-01	No_SNV	No_CNV	No_METH
AC006458.3	TCGA-BC-A10S-01	No_SNV	No_CNV	No_METH
AC006460.2	TCGA-BC-A10S-01	No_SNV	No_CNV	No_METH
AC006461.1	TCGA-BC-A10S-01	No_SNV	No_CNV	No_METH
AC006461.2	TCGA-BC-A10S-01	No_SNV	No_CNV	No_METH
AC006466.5	TCGA-BC-A10S-01	No_SNV	No_CNV	No_METH
AC006478.1	TCGA-BC-A10S-01	No_SNV	No_CNV	No_METH
AC006480.1	TCGA-BC-A10S-01	No_SNV	No_CNV	No_METH
AC006482.1	TCGA-BC-A10S-01	No_SNV	No_CNV	No_METH
AC006483.1	TCGA-BC-A10S-01	No_SNV	No_CNV	No_METH
AC006483.5	TCGA-BC-A10S-01	No_SNV	No_CNV	No_METH
AC006486.10	TCGA-BC-A10S-01	No_SNV	No_CNV	Hypomethylation
AC006486.9	TCGA-BC-A10S-01	No_SNV	No_CNV	Hypomethylation
AC006487.1	TCGA-BC-A10S-01	No_SNV	No_CNV	No_METH
AC006499.1	TCGA-BC-A10S-01	No_SNV	No_CNV	No_METH
AC006499.2	TCGA-BC-A10S-01	No_SNV	No_CNV	No_METH
AC006499.3	TCGA-BC-A10S-01	No_SNV	No_CNV	No_METH
AC006499.4	TCGA-BC-A10S-01	No_SNV	No_CNV	No_METH
AC006499.5	TCGA-BC-A10S-01	No_SNV	No_CNV	No_METH
AC006499.6	TCGA-BC-A10S-01	No_SNV	No_CNV	No_METH
AC006499.7	TCGA-BC-A10S-01	No_SNV	No_CNV	No_METH
AC006499.9	TCGA-BC-A10S-01	No_SNV	No_CNV	No_METH
AC006509.4	TCGA-BC-A10S-01	No_SNV	No_CNV	No_METH
AC006509.7	TCGA-BC-A10S-01	No_SNV	No_CNV	No_METH
AC006534.1	TCGA-BC-A10S-01	No_SNV	No_CNV	No_METH
AC006534.2	TCGA-BC-A10S-01	No_SNV	No_CNV	No_METH
AC006534.3	TCGA-BC-A10S-01	No_SNV	No_CNV	No_METH
AC006538.1	TCGA-BC-A10S-01	No_SNV	No_CNV	No_METH
AC006538.4	TCGA-BC-A10S-01	No_SNV	No_CNV	No_METH
AC006538.8	TCGA-BC-A10S-01	No_SNV	No_CNV	Hypermethylation
AC006539.1	TCGA-BC-A10S-01	No_SNV	No_CNV	No_METH
AC006539.2	TCGA-BC-A10S-01	No_SNV	No_CNV	No_METH
AC006539.3	TCGA-BC-A10S-01	No_SNV	No_CNV	No_METH
AC006539.6	TCGA-BC-A10S-01	No_SNV	No_CNV	No_METH
AC006547.13	TCGA-BC-A10S-01	No_SNV	No_CNV	Hypermethylation
AC006547.14	TCGA-BC-A10S-01	No_SNV	No_CNV	Hypermethylation
AC006547.15	TCGA-BC-A10S-01	No_SNV	No_CNV	Hypermethylation
AC006547.8	TCGA-BC-A10S-01	No_SNV	No_CNV	Hypermethylation
AC006548.19	TCGA-BC-A10S-01	No_SNV	No_CNV	No_METH
AC006548.26	TCGA-BC-A10S-01	No_SNV	No_CNV	No_METH
AC006548.28	TCGA-BC-A10S-01	No_SNV	No_CNV	No_METH
AC006552.1	TCGA-BC-A10S-01	No_SNV	No_CNV	No_METH
AC006557.1	TCGA-BC-A10S-01	No_SNV	No_CNV	No_METH
AC006840.1	TCGA-BC-A10S-01	No_SNV	No_CNV	No_METH
AC006925.1	TCGA-BC-A10S-01	No_SNV	No_CNV	No_METH
AC006926.1	TCGA-BC-A10S-01	No_SNV	No_CNV	No_METH
AC006942.4	TCGA-BC-A10S-01	No_SNV	No_CNV	Hypomethylation
AC006946.12	TCGA-BC-A10S-01	No_SNV	No_CNV	No_METH
AC006946.15	TCGA-BC-A10S-01	No_SNV	No_CNV	No_METH
AC006946.16	TCGA-BC-A10S-01	No_SNV	No_CNV	No_METH
AC006946.17	TCGA-BC-A10S-01	No_SNV	No_CNV	No_METH
AC006947.1	TCGA-BC-A10S-01	No_SNV	No_CNV	Hypermethylation
AC006960.5	TCGA-BC-A10S-01	No_SNV	No_CNV	Hypermethylation
AC006960.7	TCGA-BC-A10S-01	No_SNV	No_CNV	No_METH
AC006978.6	TCGA-BC-A10S-01	No_SNV	No_CNV	Hypermethylation
AC006987.4	TCGA-BC-A10S-01	No_SNV	No_CNV	No_METH
AC006987.5	TCGA-BC-A10S-01	No_SNV	No_CNV	No_METH
AC006987.6	TCGA-BC-A10S-01	No_SNV	No_CNV	No_METH
AC006988.1	TCGA-BC-A10S-01	No_SNV	No_CNV	No_METH
AC006989.2	TCGA-BC-A10S-01	No_SNV	No_CNV	No_METH
AC006994.1	TCGA-BC-A10S-01	No_SNV	No_CNV	No_METH
AC006994.2	TCGA-BC-A10S-01	No_SNV	No_CNV	Hypomethylation
AC006994.3	TCGA-BC-A10S-01	No_SNV	No_CNV	Hypermethylation
AC007000.10	TCGA-BC-A10S-01	No_SNV	No_CNV	No_METH
AC007000.11	TCGA-BC-A10S-01	No_SNV	No_CNV	No_METH
AC007003.1	TCGA-BC-A10S-01	No_SNV	No_CNV	No_METH
AC007006.1	TCGA-BC-A10S-01	No_SNV	No_CNV	No_METH
AC007009.1	TCGA-BC-A10S-01	No_SNV	No_CNV	Hypomethylation
AC007009.2	TCGA-BC-A10S-01	No_SNV	No_CNV	No_METH
AC007016.3	TCGA-BC-A10S-01	No_SNV	No_CNV	No_METH
AC007036.4	TCGA-BC-A10S-01	No_SNV	No_CNV	Hypermethylation
AC007036.5	TCGA-BC-A10S-01	No_SNV	No_CNV	No_METH
AC007036.6	TCGA-BC-A10S-01	No_SNV	No_CNV	No_METH
AC007038.7	TCGA-BC-A10S-01	No_SNV	No_CNV	No_METH
AC007040.1	TCGA-BC-A10S-01	No_SNV	No_CNV	No_METH
AC007040.11	TCGA-BC-A10S-01	No_SNV	No_CNV	No_METH
AC007040.2	TCGA-BC-A10S-01	No_SNV	No_CNV	No_METH
AC007040.3	TCGA-BC-A10S-01	No_SNV	No_CNV	No_METH
AC007040.6	TCGA-BC-A10S-01	No_SNV	No_CNV	Hypomethylation
AC007040.8	TCGA-BC-A10S-01	No_SNV	No_CNV	No_METH
AC007041.1	TCGA-BC-A10S-01	No_SNV	No_CNV	No_METH
AC007041.2	TCGA-BC-A10S-01	No_SNV	No_CNV	Hypermethylation
AC007050.1	TCGA-BC-A10S-01	No_SNV	No_CNV	No_METH
AC007050.17	TCGA-BC-A10S-01	No_SNV	No_CNV	No_METH
AC007050.18	TCGA-BC-A10S-01	No_SNV	No_CNV	No_METH
AC007056.1	TCGA-BC-A10S-01	No_SNV	No_CNV	No_METH
AC007064.22	TCGA-BC-A10S-01	No_SNV	No_CNV	No_METH
AC007064.24	TCGA-BC-A10S-01	No_SNV	No_CNV	No_METH
AC007064.25	TCGA-BC-A10S-01	No_SNV	No_CNV	No_METH
AC007078.4	TCGA-BC-A10S-01	No_SNV	No_CNV	No_METH
AC007091.1	TCGA-BC-A10S-01	No_SNV	No_CNV	No_METH
AC007096.1	TCGA-BC-A10S-01	No_SNV	No_CNV	No_METH
AC007098.1	TCGA-BC-A10S-01	No_SNV	No_CNV	Hypermethylation
AC007099.1	TCGA-BC-A10S-01	No_SNV	No_CNV	Hypermethylation
AC007099.2	TCGA-BC-A10S-01	No_SNV	No_CNV	Hypermethylation
AC007106.1	TCGA-BC-A10S-01	No_SNV	No_CNV	No_METH
AC007115.3	TCGA-BC-A10S-01	No_SNV	No_CNV	No_METH
AC007126.1	TCGA-BC-A10S-01	No_SNV	No_CNV	No_METH
AC007128.1	TCGA-BC-A10S-01	No_SNV	No_CNV	No_METH
AC007131.1	TCGA-BC-A10S-01	No_SNV	No_CNV	No_METH
AC007131.2	TCGA-BC-A10S-01	No_SNV	No_CNV	No_METH
AC007131.3	TCGA-BC-A10S-01	No_SNV	No_CNV	No_METH
AC007136.1	TCGA-BC-A10S-01	No_SNV	No_CNV	No_METH
AC007161.5	TCGA-BC-A10S-01	No_SNV	No_CNV	No_METH
AC007163.1	TCGA-BC-A10S-01	No_SNV	No_CNV	No_METH
AC007163.10	TCGA-BC-A10S-01	No_SNV	No_CNV	No_METH
AC007163.11	TCGA-BC-A10S-01	No_SNV	No_CNV	No_METH
AC007163.2	TCGA-BC-A10S-01	No_SNV	No_CNV	No_METH
AC007163.3	TCGA-BC-A10S-01	No_SNV	No_CNV	Hypomethylation
AC007163.6	TCGA-BC-A10S-01	No_SNV	No_CNV	No_METH
AC007163.8	TCGA-BC-A10S-01	No_SNV	No_CNV	No_METH
AC007163.9	TCGA-BC-A10S-01	No_SNV	No_CNV	No_METH
AC007179.1	TCGA-BC-A10S-01	No_SNV	No_CNV	No_METH
AC007179.2	TCGA-BC-A10S-01	No_SNV	No_CNV	No_METH
AC007182.6	TCGA-BC-A10S-01	No_SNV	No_CNV	Hypomethylation
AC007191.4	TCGA-BC-A10S-01	No_SNV	No_CNV	Hypomethylation
AC007192.6	TCGA-BC-A10S-01	No_SNV	No_CNV	No_METH
AC007193.10	TCGA-BC-A10S-01	No_SNV	No_CNV	No_METH
AC007193.6	TCGA-BC-A10S-01	No_SNV	No_CNV	Hypermethylation
AC007193.8	TCGA-BC-A10S-01	No_SNV	No_CNV	No_METH
AC007193.9	TCGA-BC-A10S-01	No_SNV	No_CNV	No_METH
AC007204.2	TCGA-BC-A10S-01	No_SNV	No_CNV	Hypomethylation
AC007204.3	TCGA-BC-A10S-01	No_SNV	No_CNV	No_METH
AC007216.1	TCGA-BC-A10S-01	No_SNV	No_CNV	Hypomethylation
AC007224.1	TCGA-BC-A10S-01	No_SNV	No_CNV	No_METH
AC007228.11	TCGA-BC-A10S-01	No_SNV	No_CNV	No_METH
AC007228.5	TCGA-BC-A10S-01	No_SNV	No_CNV	No_METH
AC007228.8	TCGA-BC-A10S-01	No_SNV	No_CNV	No_METH
AC007228.9	TCGA-BC-A10S-01	No_SNV	No_CNV	Hypermethylation
AC007229.3	TCGA-BC-A10S-01	No_SNV	No_CNV	No_METH
AC007237.2	TCGA-BC-A10S-01	No_SNV	No_CNV	No_METH
AC007238.1	TCGA-BC-A10S-01	No_SNV	No_CNV	No_METH
AC007241.1	TCGA-BC-A10S-01	No_SNV	No_CNV	No_METH
AC007242.1	TCGA-BC-A10S-01	No_SNV	No_CNV	No_METH
AC007246.3	TCGA-BC-A10S-01	No_SNV	No_CNV	No_METH
AC007248.7	TCGA-BC-A10S-01	No_SNV	No_CNV	No_METH
AC007249.3	TCGA-BC-A10S-01	No_SNV	No_CNV	No_METH
AC007250.4	TCGA-BC-A10S-01	No_SNV	No_CNV	No_METH
AC007251.2	TCGA-BC-A10S-01	No_SNV	No_CNV	No_METH
AC007253.1	TCGA-BC-A10S-01	No_SNV	No_CNV	No_METH
AC007255.8	TCGA-BC-A10S-01	No_SNV	No_CNV	Hypomethylation
AC007256.5	TCGA-BC-A10S-01	No_SNV	No_CNV	No_METH
AC007271.3	TCGA-BC-A10S-01	No_SNV	No_CNV	Hypermethylation
AC007272.3	TCGA-BC-A10S-01	No_SNV	No_CNV	No_METH
